year,month,day,location_id,gross_sales_amt,discount_amount,quantity,is_returned,discount_percentage
2019,1,1,L001_WEB,3852.9,48.11,58,0,1.2486698331127204
2019,1,1,S001,597.1800000000001,0.0,6,0,0.0
2019,1,1,S002,269.35,29.28,3,0,10.870614442175608
2019,1,1,S003,111.95,0.0,1,0,0.0
2019,1,1,S004,344.08,0.0,4,0,0.0
2019,1,1,S005,274.05,7.77,5,0,2.835249042145594
2019,1,1,S006,269.9,126.99,5,0,47.05075954057059
2019,1,1,S008,113.13,0.0,2,0,0.0
2019,1,1,S009,600.5500000000001,0.0,8,1,0.0
2019,1,1,S010,247.1,0.0,4,0,0.0
2019,1,1,S011,40.81,0.0,1,0,0.0
2019,1,1,S012,337.05,0.0,3,0,0.0
2019,1,1,S013,501.25,7.8,5,0,1.5561097256857856
2019,1,1,S015,612.4499999999999,0.0,7,0,0.0
2019,1,1,S016,119.41,0.0,1,0,0.0
2019,1,1,S017,211.31,0.0,3,0,0.0
2019,1,1,S018,76.01,0.0,1,0,0.0
2019,1,1,S019,230.02,2.14,4,0,0.9303538822711069
2019,1,1,S020,447.8,187.82000000000002,10,0,41.942831621259494
2019,1,1,S021,114.71000000000001,24.53,2,0,21.384360561415743
2019,1,1,S023,913.1,0.0,10,0,0.0
2019,1,1,S024,139.72,54.870000000000005,2,0,39.27139994274263
2019,1,1,S025,425.01,0.0,6,0,0.0
2019,1,2,L001_WEB,5129.17,35.47,71,2,0.6915348877108772
2019,1,2,S002,207.58999999999997,23.47,2,0,11.305939592465919
2019,1,2,S003,132.97,0.0,2,0,0.0
2019,1,2,S004,296.65,0.0,3,0,0.0
2019,1,2,S005,249.73999999999998,13.27,4,0,5.313526067109795
2019,1,2,S006,92.6,0.0,1,0,0.0
2019,1,2,S007,236.65,0.0,7,0,0.0
2019,1,2,S008,178.61,6.15,2,0,3.4432562566485636
2019,1,2,S010,467.65,19.840000000000003,8,1,4.24248904094943
2019,1,2,S012,53.52,0.0,2,0,0.0
2019,1,2,S013,388.34000000000003,0.0,4,0,0.0
2019,1,2,S014,559.2,0.0,5,1,0.0
2019,1,2,S015,266.21999999999997,6.9,5,0,2.591841334234844
2019,1,2,S016,37.12,0.0,1,0,0.0
2019,1,2,S017,139.88,0.0,2,0,0.0
2019,1,2,S018,126.64,0.0,2,0,0.0
2019,1,2,S019,163.99,0.0,2,0,0.0
2019,1,2,S021,307.67,68.46,4,0,22.25111320570741
2019,1,2,S022,72.31,2.71,2,0,3.7477527312958094
2019,1,2,S023,89.0,22.95,1,0,25.786516853932582
2019,1,2,S024,349.69,107.47,5,1,30.732934885184022
2019,1,2,S025,374.72,0.0,4,0,0.0
2019,1,3,L001_WEB,4089.4,24.03,57,2,0.5876167652956424
2019,1,3,S001,196.85000000000002,0.0,4,0,0.0
2019,1,3,S002,103.91999999999999,0.0,3,0,0.0
2019,1,3,S003,269.04,0.0,3,0,0.0
2019,1,3,S004,332.07,20.13,3,0,6.061974884813442
2019,1,3,S005,271.07,0.0,3,0,0.0
2019,1,3,S006,259.87,46.09,5,0,17.735790972409283
2019,1,3,S007,51.56,0.0,1,0,0.0
2019,1,3,S008,99.97,0.0,5,0,0.0
2019,1,3,S009,19.21,3.04,1,0,15.825091098386256
2019,1,3,S010,232.63,0.0,6,1,0.0
2019,1,3,S011,131.26999999999998,19.98,2,0,15.220537822807955
2019,1,3,S012,144.06,0.0,3,0,0.0
2019,1,3,S013,138.9,15.84,2,0,11.40388768898488
2019,1,3,S014,86.94,0.0,2,0,0.0
2019,1,3,S016,182.04,0.0,2,0,0.0
2019,1,3,S019,96.35,10.95,1,0,11.364815775817332
2019,1,3,S020,226.81,39.959999999999994,6,0,17.618270799347467
2019,1,3,S021,60.35,0.0,1,0,0.0
2019,1,3,S022,177.96,0.0,2,0,0.0
2019,1,3,S023,524.5,37.8,9,0,7.206863679694947
2019,1,3,S024,352.3,165.7,5,0,47.03377803008799
2019,1,4,L001_WEB,2324.76,43.44,31,0,1.868579982449801
2019,1,4,S001,231.81,0.0,2,0,0.0
2019,1,4,S002,159.92000000000002,27.76,2,0,17.358679339669834
2019,1,4,S003,515.34,0.0,6,0,0.0
2019,1,4,S004,203.18,0.0,5,0,0.0
2019,1,4,S005,105.21,0.0,1,0,0.0
2019,1,4,S006,120.19,11.83,5,0,9.842748980780431
2019,1,4,S007,179.82999999999998,0.0,2,0,0.0
2019,1,4,S008,338.53000000000003,0.0,7,0,0.0
2019,1,4,S009,199.18,0.0,2,0,0.0
2019,1,4,S010,424.1,0.0,4,1,0.0
2019,1,4,S011,492.77000000000004,108.92,8,0,22.10361832092051
2019,1,4,S012,31.36,0.0,1,0,0.0
2019,1,4,S013,545.08,13.34,7,0,2.4473471783958316
2019,1,4,S014,360.26,13.2,7,1,3.6640204296896686
2019,1,4,S016,291.51,0.0,3,0,0.0
2019,1,4,S017,462.26,0.0,5,0,0.0
2019,1,4,S018,309.37,12.3,5,0,3.975821831463943
2019,1,4,S020,316.58,149.08,5,0,47.090782740539524
2019,1,4,S021,302.83000000000004,0.0,3,0,0.0
2019,1,4,S022,132.24,0.0,2,0,0.0
2019,1,4,S023,243.0,54.4,5,1,22.386831275720166
2019,1,4,S024,700.08,24.93,7,0,3.5610215975317105
2019,1,4,S025,49.37,0.0,1,0,0.0
2019,1,5,L001_WEB,3202.2799999999997,62.56,48,4,1.953608054261339
2019,1,5,S001,88.34,6.21,2,0,7.029658139008377
2019,1,5,S002,202.88,23.32,4,0,11.49447949526814
2019,1,5,S003,100.47999999999999,0.0,4,0,0.0
2019,1,5,S004,201.94,12.66,2,0,6.269188867980588
2019,1,5,S005,781.34,6.0,10,0,0.7679115365909847
2019,1,5,S006,220.19,35.6,4,0,16.16785503428857
2019,1,5,S007,213.42000000000002,0.0,4,0,0.0
2019,1,5,S009,369.18,38.72,5,1,10.488108781624138
2019,1,5,S010,235.4,0.0,2,0,0.0
2019,1,5,S011,465.86,57.28,7,0,12.295539432447516
2019,1,5,S012,362.09000000000003,0.0,4,0,0.0
2019,1,5,S013,159.43,0.0,2,0,0.0
2019,1,5,S014,66.31,0.0,1,1,0.0
2019,1,5,S015,191.71,0.0,3,0,0.0
2019,1,5,S016,150.11,0.0,3,0,0.0
2019,1,5,S017,252.32,12.61,4,0,4.997622067216233
2019,1,5,S018,31.36,0.0,1,0,0.0
2019,1,5,S019,159.62,11.7,2,0,7.329908532765317
2019,1,5,S020,142.77,24.68,3,0,17.286544792323316
2019,1,5,S021,26.05,0.0,1,0,0.0
2019,1,5,S022,457.79999999999995,0.0,5,0,0.0
2019,1,5,S023,71.42,0.0,1,0,0.0
2019,1,5,S024,228.62,9.8,7,0,4.286589099816289
2019,1,5,S025,49.75,0.0,1,0,0.0
2019,1,6,L001_WEB,4141.05,51.44,54,2,1.2421970273239877
2019,1,6,S001,25.27,0.0,1,0,0.0
2019,1,6,S002,534.99,0.0,7,0,0.0
2019,1,6,S003,477.2,0.0,8,0,0.0
2019,1,6,S004,202.28,0.0,6,0,0.0
2019,1,6,S005,364.77,0.0,7,0,0.0
2019,1,6,S006,279.04999999999995,7.2,6,0,2.580182762945709
2019,1,6,S007,311.25,0.0,3,0,0.0
2019,1,6,S008,233.75,11.1,2,0,4.7486631016042775
2019,1,6,S009,49.75,0.0,1,0,0.0
2019,1,6,S011,50.33,20.0,3,0,39.7377309755613
2019,1,6,S012,476.71999999999997,5.78,6,0,1.2124517536499413
2019,1,6,S013,234.21,0.0,3,0,0.0
2019,1,6,S014,132.32,0.0,2,0,0.0
2019,1,6,S016,108.38,0.0,3,0,0.0
2019,1,6,S018,370.62,0.0,4,0,0.0
2019,1,6,S019,272.48,0.0,4,0,0.0
2019,1,6,S020,255.5,36.68,4,0,14.356164383561643
2019,1,6,S021,228.42000000000002,58.26,4,0,25.50564749146309
2019,1,6,S022,789.2599999999999,0.0,7,0,0.0
2019,1,6,S023,190.64000000000001,114.23,4,1,59.91921947125471
2019,1,6,S024,221.51,71.35,3,0,32.21073540697937
2019,1,6,S025,547.3599999999999,0.0,6,0,0.0
2019,1,7,L001_WEB,3416.11,6.66,49,1,0.19495859325373013
2019,1,7,S001,372.17,7.78,5,0,2.0904425396995996
2019,1,7,S002,501.0,60.339999999999996,7,1,12.043912175648702
2019,1,7,S004,321.17,13.24,4,0,4.122427374910483
2019,1,7,S005,190.51999999999998,0.0,2,0,0.0
2019,1,7,S006,57.32,24.3,2,1,42.39357990230286
2019,1,7,S008,37.19,0.0,1,0,0.0
2019,1,7,S009,258.84000000000003,8.46,3,0,3.2684283727399164
2019,1,7,S010,128.27,0.0,2,0,0.0
2019,1,7,S011,137.29000000000002,28.29,2,0,20.60601646150484
2019,1,7,S012,481.92,0.0,7,0,0.0
2019,1,7,S014,411.98,2.85,5,0,0.6917811544249721
2019,1,7,S015,247.45000000000002,5.56,3,0,2.2469185694079608
2019,1,7,S016,239.43,0.0,4,0,0.0
2019,1,7,S017,599.59,0.0,8,0,0.0
2019,1,7,S019,235.56,7.28,6,1,3.090507726269316
2019,1,7,S021,14.69,6.2,1,0,42.20558202859088
2019,1,7,S022,280.88,0.0,3,0,0.0
2019,1,7,S023,338.40999999999997,0.0,4,0,0.0
2019,1,7,S024,158.3,44.7,4,0,28.237523689197726
2019,1,7,S025,201.63,0.0,2,0,0.0
2019,1,8,L001_WEB,4137.59,0.0,65,0,0.0
2019,1,8,S001,265.86,0.0,3,0,0.0
2019,1,8,S002,85.06,0.0,1,1,0.0
2019,1,8,S003,303.74,0.0,3,0,0.0
2019,1,8,S004,199.84,0.0,4,0,0.0
2019,1,8,S005,45.31,1.41,2,0,3.111895828735378
2019,1,8,S006,610.73,49.5,8,0,8.105054606782048
2019,1,8,S007,981.8000000000001,0.0,9,0,0.0
2019,1,8,S010,104.32,0.0,1,0,0.0
2019,1,8,S011,138.9,0.0,3,0,0.0
2019,1,8,S012,120.99,0.0,3,0,0.0
2019,1,8,S013,340.26,0.0,5,0,0.0
2019,1,8,S014,370.90000000000003,0.0,5,0,0.0
2019,1,8,S015,168.55,7.47,3,0,4.4319193117769204
2019,1,8,S016,273.1,5.67,5,0,2.076162577810326
2019,1,8,S017,389.36,12.42,6,1,3.1898500102732688
2019,1,8,S018,321.11,0.0,6,0,0.0
2019,1,8,S019,510.46,0.0,6,1,0.0
2019,1,8,S020,223.34,0.0,5,0,0.0
2019,1,8,S021,102.25999999999999,19.75,3,0,19.313514570702132
2019,1,8,S022,296.43,0.0,3,0,0.0
2019,1,8,S023,322.97,0.0,3,0,0.0
2019,1,8,S024,92.31,10.43,2,0,11.298884194561802
2019,1,8,S025,473.96,0.0,5,0,0.0
2019,1,9,L001_WEB,3528.89,69.5,48,0,1.9694578181807878
2019,1,9,S001,601.82,0.0,6,0,0.0
2019,1,9,S002,781.72,128.9,10,1,16.48928004912245
2019,1,9,S003,494.79,18.26,5,0,3.6904545362679118
2019,1,9,S005,103.83,0.0,2,0,0.0
2019,1,9,S006,58.55,0.0,1,0,0.0
2019,1,9,S007,181.82,0.0,2,0,0.0
2019,1,9,S009,368.6,0.0,5,0,0.0
2019,1,9,S010,119.09,0.0,3,0,0.0
2019,1,9,S011,278.45000000000005,56.07,4,0,20.1364697432214
2019,1,9,S012,390.74,3.64,6,0,0.9315657470440701
2019,1,9,S013,135.63,0.0,2,0,0.0
2019,1,9,S014,389.71,5.77,7,0,1.4805881296348566
2019,1,9,S015,385.1,0.0,5,0,0.0
2019,1,9,S016,324.59000000000003,0.0,4,0,0.0
2019,1,9,S017,86.16,0.0,2,0,0.0
2019,1,9,S018,151.64000000000001,0.0,3,0,0.0
2019,1,9,S019,142.97,0.0,3,0,0.0
2019,1,9,S020,317.21999999999997,122.86999999999999,4,0,38.73337116196961
2019,1,9,S021,308.98,99.68,5,0,32.26098776619846
2019,1,9,S022,96.48,0.0,3,0,0.0
2019,1,9,S024,95.47999999999999,47.54,2,0,49.79053204859657
2019,1,9,S025,438.51,0.0,5,0,0.0
2019,1,10,L001_WEB,4571.2,42.349999999999994,58,0,0.9264525726286313
2019,1,10,S001,245.14,0.0,2,0,0.0
2019,1,10,S002,349.94,116.66999999999999,6,0,33.340001143053094
2019,1,10,S003,236.95000000000002,0.0,3,0,0.0
2019,1,10,S004,69.18,0.0,2,0,0.0
2019,1,10,S005,259.2,0.0,4,0,0.0
2019,1,10,S006,133.4,71.1,2,0,53.2983508245877
2019,1,10,S007,73.15,0.0,1,0,0.0
2019,1,10,S008,618.62,0.0,9,0,0.0
2019,1,10,S010,224.0,0.0,4,0,0.0
2019,1,10,S011,554.94,93.77,9,0,16.8973222330342
2019,1,10,S012,143.82999999999998,0.0,4,0,0.0
2019,1,10,S013,233.87,0.0,3,0,0.0
2019,1,10,S014,238.82,0.0,2,0,0.0
2019,1,10,S016,293.12,0.0,4,0,0.0
2019,1,10,S017,118.49000000000001,0.0,4,0,0.0
2019,1,10,S018,157.04,0.0,2,0,0.0
2019,1,10,S019,429.5,0.0,9,0,0.0
2019,1,10,S020,712.12,122.19,12,0,17.158624950850978
2019,1,10,S021,31.36,0.0,1,0,0.0
2019,1,10,S024,293.15,20.09,4,0,6.853146853146853
2019,1,10,S025,534.34,0.0,5,0,0.0
2019,1,11,L001_WEB,4762.09,59.75,69,1,1.2547011921236262
2019,1,11,S001,652.33,0.0,9,0,0.0
2019,1,11,S002,307.39,0.0,3,1,0.0
2019,1,11,S004,443.73,26.1,6,0,5.881955243053208
2019,1,11,S006,40.81,0.0,1,0,0.0
2019,1,11,S007,393.56,0.0,4,0,0.0
2019,1,11,S008,596.99,0.0,10,0,0.0
2019,1,11,S009,161.07999999999998,0.0,2,0,0.0
2019,1,11,S010,26.57,0.0,1,0,0.0
2019,1,11,S011,33.23,16.52,1,0,49.71411375263317
2019,1,11,S012,25.49,0.0,1,0,0.0
2019,1,11,S013,390.43,0.0,7,0,0.0
2019,1,11,S014,432.19,0.0,4,0,0.0
2019,1,11,S015,331.65999999999997,0.0,3,0,0.0
2019,1,11,S016,562.16,12.48,10,1,2.220008538494379
2019,1,11,S017,296.69,0.0,5,0,0.0
2019,1,11,S018,117.66,0.0,2,0,0.0
2019,1,11,S019,207.81,0.0,2,0,0.0
2019,1,11,S020,224.19,0.0,3,0,0.0
2019,1,11,S021,327.76,76.2,5,0,23.248718574566755
2019,1,11,S022,159.89000000000001,0.0,3,0,0.0
2019,1,11,S023,392.27,10.2,5,0,2.6002498279246438
2019,1,11,S024,279.97,106.96,5,0,38.20409329571025
2019,1,11,S025,191.99,0.0,3,0,0.0
2019,1,12,L001_WEB,6257.59,131.44,85,4,2.100489165956862
2019,1,12,S001,21.43,0.0,1,0,0.0
2019,1,12,S002,44.66,0.0,1,0,0.0
2019,1,12,S003,756.39,0.0,7,0,0.0
2019,1,12,S004,120.99,0.0,1,0,0.0
2019,1,12,S005,224.69,0.0,2,0,0.0
2019,1,12,S006,811.14,125.4,10,0,15.45972335231896
2019,1,12,S007,34.88,0.0,1,0,0.0
2019,1,12,S009,90.85,0.0,2,0,0.0
2019,1,12,S010,257.71,0.0,5,0,0.0
2019,1,12,S012,208.84,0.0,2,0,0.0
2019,1,12,S013,417.2,0.0,4,1,0.0
2019,1,12,S014,184.72,9.9,2,0,5.3594629709831105
2019,1,12,S015,217.17000000000002,0.0,4,0,0.0
2019,1,12,S016,158.55,0.0,2,0,0.0
2019,1,12,S017,111.84,0.0,1,0,0.0
2019,1,12,S018,271.45,0.0,5,0,0.0
2019,1,12,S020,100.21,0.0,1,0,0.0
2019,1,12,S021,774.64,27.92,9,0,3.604254879686048
2019,1,12,S022,298.85,0.0,4,0,0.0
2019,1,12,S023,336.54,14.1,4,0,4.18969513282225
2019,1,12,S025,175.16,0.0,3,0,0.0
2019,1,13,L001_WEB,3906.54,54.54,61,0,1.3961203520250658
2019,1,13,S001,117.7,0.0,1,0,0.0
2019,1,13,S002,105.21,0.0,1,0,0.0
2019,1,13,S003,114.28,0.0,3,0,0.0
2019,1,13,S004,298.87,0.0,5,0,0.0
2019,1,13,S005,360.31,2.54,7,1,0.7049485165551885
2019,1,13,S006,108.81,0.0,1,0,0.0
2019,1,13,S007,105.37,0.0,1,0,0.0
2019,1,13,S008,148.85000000000002,0.0,2,0,0.0
2019,1,13,S009,539.1,0.0,12,0,0.0
2019,1,13,S010,241.06,0.0,3,0,0.0
2019,1,13,S011,318.34,20.41,3,0,6.411384054784193
2019,1,13,S012,929.3499999999999,0.0,8,1,0.0
2019,1,13,S013,243.32999999999998,7.27,3,0,2.987712160440554
2019,1,13,S014,370.69,0.0,3,0,0.0
2019,1,13,S015,80.45,0.0,1,0,0.0
2019,1,13,S016,104.32,0.0,1,0,0.0
2019,1,13,S017,165.92000000000002,7.42,3,0,4.472034715525554
2019,1,13,S018,79.31,0.0,2,0,0.0
2019,1,13,S019,76.01,0.0,1,0,0.0
2019,1,13,S020,369.58000000000004,107.64,5,1,29.124952648952863
2019,1,13,S021,200.42,0.0,2,0,0.0
2019,1,13,S023,427.54,76.69,7,0,17.937502923703043
2019,1,13,S024,216.82999999999998,69.63,4,0,32.112715030208
2019,1,13,S025,246.93,0.0,5,0,0.0
2019,1,14,L001_WEB,4469.18,61.28,58,0,1.3711687602647464
2019,1,14,S001,235.27,0.0,3,0,0.0
2019,1,14,S003,31.36,0.0,1,0,0.0
2019,1,14,S004,124.48,0.0,1,0,0.0
2019,1,14,S005,186.20999999999998,0.0,5,0,0.0
2019,1,14,S007,36.82,0.0,1,0,0.0
2019,1,14,S008,575.87,0.0,7,0,0.0
2019,1,14,S009,344.62,1.85,7,0,0.5368231675468632
2019,1,14,S010,102.93,0.0,1,0,0.0
2019,1,14,S011,152.49,32.92,3,0,21.58830087218834
2019,1,14,S012,241.31,0.0,4,0,0.0
2019,1,14,S013,484.29999999999995,0.0,6,0,0.0
2019,1,14,S014,301.66,0.0,4,0,0.0
2019,1,14,S015,376.02,14.53,4,0,3.864156161906281
2019,1,14,S017,187.41,0.0,3,0,0.0
2019,1,14,S018,259.79,0.0,3,0,0.0
2019,1,14,S019,267.05,0.0,5,0,0.0
2019,1,14,S020,143.08,58.400000000000006,2,0,40.816326530612244
2019,1,14,S021,399.26,28.59,5,0,7.160747382657917
2019,1,14,S022,97.57,0.0,1,0,0.0
2019,1,14,S023,48.86,20.82,2,0,42.61154318460909
2019,1,14,S024,210.11,56.92,3,0,27.090571605349577
2019,1,14,S025,456.72,0.0,5,1,0.0
2019,1,15,L001_WEB,3461.8,17.119999999999997,45,0,0.49454041250216635
2019,1,15,S001,156.03,0.0,2,0,0.0
2019,1,15,S002,582.85,193.72,9,0,33.23668182208115
2019,1,15,S003,261.62,12.65,3,0,4.8352572433300205
2019,1,15,S004,276.69,0.0,4,0,0.0
2019,1,15,S005,281.90999999999997,0.0,3,0,0.0
2019,1,15,S006,523.53,99.38,9,0,18.982675300364832
2019,1,15,S007,192.19,0.0,4,0,0.0
2019,1,15,S008,62.49,0.0,1,0,0.0
2019,1,15,S009,74.46,0.0,1,0,0.0
2019,1,15,S011,401.83,51.87,5,0,12.908443869297962
2019,1,15,S012,110.1,0.0,1,0,0.0
2019,1,15,S013,241.9,0.0,4,0,0.0
2019,1,15,S014,121.05000000000001,0.0,3,0,0.0
2019,1,15,S015,135.71,7.44,3,0,5.48227838773856
2019,1,15,S016,520.91,0.0,8,0,0.0
2019,1,15,S017,460.25,0.0,6,2,0.0
2019,1,15,S019,51.09,0.0,1,0,0.0
2019,1,15,S020,597.31,73.56,8,0,12.315213205872999
2019,1,15,S022,125.3,0.0,2,0,0.0
2019,1,15,S023,321.71,132.53,6,0,41.19548661838302
2019,1,15,S024,158.88,5.91,3,0,3.7197885196374623
2019,1,15,S025,106.42,13.18,2,0,12.384890058259725
2019,1,16,L001_WEB,3215.55,30.93,46,2,0.9618883239259224
2019,1,16,S001,123.88,0.0,1,0,0.0
2019,1,16,S002,132.55,54.18,4,1,40.875141456054315
2019,1,16,S003,59.88,0.0,2,0,0.0
2019,1,16,S004,196.88,0.0,2,0,0.0
2019,1,16,S005,420.62,0.0,9,0,0.0
2019,1,16,S006,289.4,21.49,5,0,7.425708362128542
2019,1,16,S008,505.67,0.0,6,0,0.0
2019,1,16,S009,198.6,0.0,3,0,0.0
2019,1,16,S010,574.1800000000001,0.0,8,0,0.0
2019,1,16,S011,20.89,0.0,1,0,0.0
2019,1,16,S013,621.37,0.0,7,0,0.0
2019,1,16,S015,85.66,1.91,2,0,2.2297455054868083
2019,1,16,S016,417.7,0.0,4,0,0.0
2019,1,16,S017,517.14,0.0,7,0,0.0
2019,1,16,S018,95.03999999999999,2.2,4,0,2.314814814814815
2019,1,16,S019,174.52,0.0,4,0,0.0
2019,1,16,S020,189.82,25.990000000000002,5,0,13.691918659782953
2019,1,16,S021,450.44,150.94,6,0,33.50945741941213
2019,1,16,S022,332.31,0.0,5,0,0.0
2019,1,16,S023,450.46000000000004,73.08,7,0,16.223416063579453
2019,1,16,S024,178.95000000000002,9.77,3,0,5.459625593741268
2019,1,16,S025,144.67000000000002,0.0,2,0,0.0
2019,1,17,L001_WEB,3928.2200000000003,45.92,54,2,1.1689772976055313
2019,1,17,S002,260.14,60.400000000000006,4,0,23.218267086953183
2019,1,17,S003,349.97,0.0,5,0,0.0
2019,1,17,S004,465.28,6.09,6,0,1.3088892709766162
2019,1,17,S005,57.32,7.95,1,0,13.86950453593859
2019,1,17,S006,544.52,0.0,5,0,0.0
2019,1,17,S007,501.86,0.0,6,0,0.0
2019,1,17,S008,187.43,2.62,4,0,1.3978551992743957
2019,1,17,S010,231.32999999999998,0.0,4,0,0.0
2019,1,17,S011,138.64,50.25,3,0,36.24495095210617
2019,1,17,S012,169.25,0.0,3,0,0.0
2019,1,17,S017,52.94,9.05,1,0,17.094824329429546
2019,1,17,S018,107.25,0.0,1,0,0.0
2019,1,17,S019,506.09000000000003,0.0,6,2,0.0
2019,1,17,S020,339.81,19.68,7,0,5.791471704776199
2019,1,17,S022,38.34,0.0,1,0,0.0
2019,1,17,S023,59.61,0.0,1,0,0.0
2019,1,17,S024,190.02,24.78,5,0,13.04073255446795
2019,1,18,L001_WEB,3357.72,25.29,50,4,0.7531896644151388
2019,1,18,S001,173.56,0.0,2,1,0.0
2019,1,18,S003,23.38,0.0,1,0,0.0
2019,1,18,S004,179.75,0.0,2,0,0.0
2019,1,18,S005,157.78,0.0,2,0,0.0
2019,1,18,S006,128.76,60.629999999999995,3,0,47.08760484622553
2019,1,18,S008,234.20999999999998,0.0,5,0,0.0
2019,1,18,S009,206.32999999999998,0.0,2,1,0.0
2019,1,18,S010,257.12,0.0,3,0,0.0
2019,1,18,S011,119.96000000000001,37.31,3,0,31.10203401133711
2019,1,18,S012,25.34,0.0,1,0,0.0
2019,1,18,S013,287.61,0.0,6,0,0.0
2019,1,18,S014,260.08000000000004,0.0,3,1,0.0
2019,1,18,S015,22.25,0.0,1,0,0.0
2019,1,18,S017,50.51,0.0,2,0,0.0
2019,1,18,S018,457.46999999999997,0.0,5,0,0.0
2019,1,18,S019,127.64999999999999,15.13,2,0,11.852722287504898
2019,1,18,S020,364.4,133.52,4,0,36.641053787047206
2019,1,18,S021,163.97,37.52,3,0,22.882234555101544
2019,1,18,S022,100.5,0.0,2,0,0.0
2019,1,18,S023,31.56,11.96,1,0,37.89607097591889
2019,1,18,S024,204.43,24.59,3,0,12.02856723572861
2019,1,18,S025,842.72,0.0,8,0,0.0
2019,1,19,L001_WEB,5522.39,46.3,71,0,0.8384051108306365
2019,1,19,S001,340.09000000000003,0.0,5,0,0.0
2019,1,19,S002,117.42,34.05,2,0,28.99846704138988
2019,1,19,S003,221.02,0.0,2,0,0.0
2019,1,19,S004,626.3199999999999,0.0,10,0,0.0
2019,1,19,S005,58.209999999999994,0.0,2,0,0.0
2019,1,19,S006,836.0899999999999,159.5,12,0,19.076893635852603
2019,1,19,S007,100.03999999999999,0.0,2,0,0.0
2019,1,19,S008,175.84,0.0,3,1,0.0
2019,1,19,S009,399.23,0.0,8,0,0.0
2019,1,19,S010,245.74,0.0,4,0,0.0
2019,1,19,S011,235.06,14.91,4,1,6.34306134603931
2019,1,19,S012,369.56,0.0,5,0,0.0
2019,1,19,S013,181.22,0.0,2,0,0.0
2019,1,19,S015,30.35,0.0,1,0,0.0
2019,1,19,S016,399.52,11.08,6,0,2.7733279935923107
2019,1,19,S017,330.2,0.0,5,0,0.0
2019,1,19,S018,562.29,0.0,6,0,0.0
2019,1,19,S019,186.15,0.0,3,0,0.0
2019,1,19,S020,219.59,6.57,3,0,2.991939523657726
2019,1,19,S021,322.15999999999997,0.0,7,0,0.0
2019,1,19,S022,394.06,0.0,5,0,0.0
2019,1,19,S023,162.39,48.18,3,1,29.669314612968783
2019,1,19,S024,127.31,12.03,2,0,9.449375540020421
2019,1,19,S025,94.28,0.0,2,0,0.0
2019,1,20,L001_WEB,3603.32,8.3,56,0,0.23034312800417392
2019,1,20,S002,83.09,27.4,1,0,32.976290769045605
2019,1,20,S003,182.8,0.0,3,0,0.0
2019,1,20,S004,395.84000000000003,0.0,5,0,0.0
2019,1,20,S005,263.51,0.0,3,0,0.0
2019,1,20,S006,154.0,0.0,4,0,0.0
2019,1,20,S007,649.5999999999999,0.0,6,0,0.0
2019,1,20,S008,64.29,0.0,3,0,0.0
2019,1,20,S009,378.5,0.0,4,0,0.0
2019,1,20,S010,905.77,5.52,12,0,0.6094262340329223
2019,1,20,S011,58.62,30.0,1,0,51.17707267144319
2019,1,20,S012,118.75,0.0,1,0,0.0
2019,1,20,S013,163.61,6.19,3,0,3.783387323513233
2019,1,20,S014,44.96,0.0,2,0,0.0
2019,1,20,S015,81.83,0.0,1,0,0.0
2019,1,20,S016,25.49,0.0,1,0,0.0
2019,1,20,S017,640.65,6.28,9,1,0.98025442909545
2019,1,20,S018,312.86,0.0,4,0,0.0
2019,1,20,S019,327.11,0.0,4,0,0.0
2019,1,20,S020,125.54,39.24,3,0,31.256969890074878
2019,1,20,S021,83.47,34.23,1,0,41.00874565712231
2019,1,20,S022,329.73,0.0,4,0,0.0
2019,1,20,S023,435.24,0.0,4,0,0.0
2019,1,20,S024,198.6,61.55,3,0,30.991943605236656
2019,1,20,S025,329.46,0.0,6,1,0.0
2019,1,21,L001_WEB,4232.71,24.39,59,0,0.5762265782441982
2019,1,21,S001,178.25,0.0,3,1,0.0
2019,1,21,S002,28.81,0.0,1,0,0.0
2019,1,21,S003,166.35,3.93,3,0,2.36248872858431
2019,1,21,S004,322.04,0.0,4,0,0.0
2019,1,21,S005,169.94,4.1,3,0,2.4126162174885253
2019,1,21,S006,455.78999999999996,45.77,6,0,10.041905263388843
2019,1,21,S007,396.56,0.0,7,1,0.0
2019,1,21,S008,32.16,0.0,1,0,0.0
2019,1,21,S009,589.96,7.88,8,0,1.3356837751711979
2019,1,21,S010,276.93,9.67,5,0,3.4918571480157437
2019,1,21,S011,138.45,9.61,2,0,6.941133983387504
2019,1,21,S013,227.14,0.0,4,0,0.0
2019,1,21,S014,332.98,0.0,4,0,0.0
2019,1,21,S015,437.23,0.0,4,0,0.0
2019,1,21,S016,722.9100000000001,3.0,10,1,0.4149894177698468
2019,1,21,S017,412.22,0.0,5,0,0.0
2019,1,21,S018,380.94,3.38,4,0,0.8872788365621883
2019,1,21,S020,21.23,10.23,1,0,48.18652849740933
2019,1,21,S021,201.48,44.71,4,0,22.190788167560058
2019,1,21,S022,455.15,27.74,6,0,6.094694056904317
2019,1,21,S023,171.97000000000003,0.0,2,0,0.0
2019,1,21,S024,234.08999999999997,0.0,3,0,0.0
2019,1,21,S025,157.41,5.42,4,0,3.443237405501556
2019,1,22,L001_WEB,3994.19,16.74,57,1,0.4191087554673162
2019,1,22,S001,154.72,9.4,2,0,6.075491209927612
2019,1,22,S002,370.48,50.3,5,0,13.576981213560785
2019,1,22,S003,30.35,0.0,1,0,0.0
2019,1,22,S004,190.61,0.0,2,0,0.0
2019,1,22,S005,44.5,0.0,2,0,0.0
2019,1,22,S006,485.18999999999994,33.48,6,0,6.900389538119088
2019,1,22,S007,435.57,0.0,5,0,0.0
2019,1,22,S008,235.18,2.84,4,0,1.2075856790543413
2019,1,22,S009,30.35,0.0,1,0,0.0
2019,1,22,S010,415.63,10.71,4,0,2.5768111060318075
2019,1,22,S011,293.14,68.03,5,0,23.207341202155966
2019,1,22,S012,49.37,0.0,1,0,0.0
2019,1,22,S014,268.37,0.0,3,0,0.0
2019,1,22,S015,58.83,0.0,1,0,0.0
2019,1,22,S016,203.2,0.0,4,0,0.0
2019,1,22,S017,211.6,0.0,2,0,0.0
2019,1,22,S018,255.7,0.0,3,0,0.0
2019,1,22,S019,248.67000000000002,0.0,3,0,0.0
2019,1,22,S020,176.18,0.0,2,0,0.0
2019,1,22,S021,379.74,27.85,10,0,7.333965344709538
2019,1,22,S022,159.51999999999998,0.0,2,0,0.0
2019,1,22,S023,75.51,0.0,3,0,0.0
2019,1,22,S024,627.98,75.92,8,1,12.0895569922609
2019,1,22,S025,135.12,0.0,3,0,0.0
2019,1,23,L001_WEB,4435.23,33.5,58,2,0.7553159588116062
2019,1,23,S001,31.36,0.0,1,0,0.0
2019,1,23,S002,183.69,61.85,4,0,33.67085851162284
2019,1,23,S003,182.29,0.0,4,1,0.0
2019,1,23,S004,335.21,17.72,7,0,5.286238477372394
2019,1,23,S005,607.94,12.16,7,1,2.0001973879001214
2019,1,23,S006,97.78,20.09,3,0,20.546123951728372
2019,1,23,S007,207.14999999999998,9.9,3,0,4.779145546705286
2019,1,23,S009,459.68,0.0,6,0,0.0
2019,1,23,S010,326.35,0.0,5,0,0.0
2019,1,23,S011,271.65,25.57,6,0,9.412847413951777
2019,1,23,S012,764.26,0.0,8,0,0.0
2019,1,23,S013,328.69,29.2,6,1,8.883750646505826
2019,1,23,S014,312.63,13.59,4,0,4.346991651472988
2019,1,23,S015,171.78,0.0,3,0,0.0
2019,1,23,S016,39.33,0.0,1,0,0.0
2019,1,23,S017,475.52,46.65,5,0,9.810312920592194
2019,1,23,S018,102.24000000000001,0.0,3,0,0.0
2019,1,23,S019,20.03,3.35,1,0,16.72491263105342
2019,1,23,S020,233.58,0.0,2,0,0.0
2019,1,23,S021,115.59,0.0,3,0,0.0
2019,1,23,S022,62.35,0.0,1,0,0.0
2019,1,23,S024,332.7,49.36,10,0,14.83618875864142
2019,1,23,S025,61.37,8.63,1,0,14.06224539677367
2019,1,24,L001_WEB,4938.95,26.72,70,0,0.5410056793448
2019,1,24,S001,275.45,0.0,4,1,0.0
2019,1,24,S003,160.0,4.64,3,0,2.9
2019,1,24,S004,88.98,0.0,1,0,0.0
2019,1,24,S005,135.97,3.74,4,0,2.750606751489299
2019,1,24,S006,307.81,66.03,5,0,21.451544784120074
2019,1,24,S007,37.19,0.0,1,0,0.0
2019,1,24,S008,273.46000000000004,6.86,3,0,2.508593578585533
2019,1,24,S009,635.04,0.0,8,0,0.0
2019,1,24,S010,63.84,0.0,1,0,0.0
2019,1,24,S011,109.72,0.0,2,0,0.0
2019,1,24,S012,150.07999999999998,0.0,3,0,0.0
2019,1,24,S013,439.93,0.0,4,0,0.0
2019,1,24,S014,719.16,8.42,9,1,1.170810389899327
2019,1,24,S015,28.37,0.0,1,0,0.0
2019,1,24,S016,164.12,0.0,2,0,0.0
2019,1,24,S017,273.93,0.0,4,0,0.0
2019,1,24,S018,194.61,0.0,3,0,0.0
2019,1,24,S019,193.87,0.0,2,0,0.0
2019,1,24,S020,500.77,0.0,5,0,0.0
2019,1,24,S021,122.32,55.260000000000005,2,0,45.17658600392414
2019,1,24,S022,483.96,0.0,4,0,0.0
2019,1,24,S023,329.52,23.35,4,0,7.086064578781258
2019,1,24,S024,55.04,28.52,4,0,51.81686046511628
2019,1,24,S025,145.7,6.54,3,0,4.488675360329444
2019,1,25,L001_WEB,4114.58,15.950000000000001,58,2,0.3876458836624881
2019,1,25,S002,312.51,29.97,5,0,9.590093117020256
2019,1,25,S003,467.88,0.0,5,1,0.0
2019,1,25,S004,174.76999999999998,10.44,2,0,5.973565257195171
2019,1,25,S005,235.4,0.0,2,0,0.0
2019,1,25,S006,97.31,10.83,3,1,11.129380330901244
2019,1,25,S007,222.32,0.0,4,0,0.0
2019,1,25,S008,342.15,16.4,5,0,4.793219348239076
2019,1,25,S009,161.02,0.0,2,0,0.0
2019,1,25,S010,191.66,0.0,2,0,0.0
2019,1,25,S011,467.16,0.0,4,0,0.0
2019,1,25,S012,572.38,0.0,5,0,0.0
2019,1,25,S013,164.56,0.0,3,0,0.0
2019,1,25,S014,212.05,0.0,2,0,0.0
2019,1,25,S016,361.83,17.94,4,0,4.958129508332643
2019,1,25,S017,41.78,0.0,2,0,0.0
2019,1,25,S018,184.8,0.0,2,0,0.0
2019,1,25,S020,185.96,65.14,3,0,35.029038502903845
2019,1,25,S021,428.61,49.38,6,0,11.520963113319802
2019,1,25,S022,59.73,0.0,1,0,0.0
2019,1,25,S023,470.92,48.42,7,0,10.28200118916164
2019,1,25,S024,231.85,66.23,4,0,28.565883114082386
2019,1,25,S025,295.7,0.0,7,0,0.0
2019,1,26,L001_WEB,4427.63,30.56,59,2,0.6902112416800862
2019,1,26,S001,295.87,0.0,5,0,0.0
2019,1,26,S002,68.42,28.89,1,0,42.22449576147325
2019,1,26,S003,220.14,0.0,2,0,0.0
2019,1,26,S004,222.26,0.0,3,0,0.0
2019,1,26,S005,191.70999999999998,0.0,2,0,0.0
2019,1,26,S006,104.65,26.17,3,0,25.007166746297184
2019,1,26,S007,197.02,0.0,3,0,0.0
2019,1,26,S008,438.5,55.08,8,0,12.561003420752565
2019,1,26,S009,273.28,0.0,4,0,0.0
2019,1,26,S010,430.24,23.2,10,0,5.392339159538862
2019,1,26,S011,551.4,175.28,7,0,31.78817555313747
2019,1,26,S012,71.36000000000001,4.61,2,0,6.460201793721971
2019,1,26,S013,44.19,0.0,1,0,0.0
2019,1,26,S014,66.42,0.0,3,0,0.0
2019,1,26,S015,384.38,0.0,6,1,0.0
2019,1,26,S016,241.75,12.52,3,0,5.178903826266804
2019,1,26,S017,192.71,0.0,3,0,0.0
2019,1,26,S018,220.2,0.0,3,0,0.0
2019,1,26,S019,74.46,0.0,1,0,0.0
2019,1,26,S020,432.53999999999996,141.37,7,0,32.68368243399455
2019,1,26,S021,27.57,10.77,1,0,39.06420021762786
2019,1,26,S022,87.82,9.49,1,0,10.806194488726943
2019,1,26,S023,177.43,33.48,4,0,18.869413289748067
2019,1,26,S024,249.42,0.0,2,0,0.0
2019,1,26,S025,123.25999999999999,0.0,3,0,0.0
2019,1,27,L001_WEB,3656.82,47.26,49,3,1.2923797178969705
2019,1,27,S001,306.03000000000003,0.0,3,0,0.0
2019,1,27,S002,119.22,0.0,2,0,0.0
2019,1,27,S003,142.18,0.0,2,0,0.0
2019,1,27,S004,77.11,0.0,3,0,0.0
2019,1,27,S005,103.75,0.0,1,0,0.0
2019,1,27,S006,124.75,69.39999999999999,3,0,55.6312625250501
2019,1,27,S007,267.66,0.0,4,0,0.0
2019,1,27,S008,400.18,12.69,6,0,3.1710730171422856
2019,1,27,S009,279.83,25.58,4,0,9.141264339063003
2019,1,27,S010,312.61,3.42,5,0,1.0940149067528229
2019,1,27,S011,307.92,0.0,3,0,0.0
2019,1,27,S013,104.32,0.0,1,0,0.0
2019,1,27,S014,353.98,35.82,5,0,10.119215774902536
2019,1,27,S015,196.88,0.0,2,0,0.0
2019,1,27,S016,311.75,0.0,5,0,0.0
2019,1,27,S017,291.5,23.54,3,0,8.075471698113207
2019,1,27,S018,318.97,10.42,5,0,3.266764899520331
2019,1,27,S019,185.4,0.0,2,0,0.0
2019,1,27,S020,639.9100000000001,117.07,10,1,18.29476020065321
2019,1,27,S021,366.93,39.53,5,1,10.773171994658382
2019,1,27,S022,173.56,0.0,2,0,0.0
2019,1,27,S023,63.32,39.61,1,0,62.55527479469362
2019,1,27,S024,216.06,0.0,3,0,0.0
2019,1,27,S025,112.89,7.37,3,0,6.528479050403048
2019,1,28,L001_WEB,3165.56,15.18,59,0,0.4795360062674535
2019,1,28,S002,447.1,51.51,7,0,11.520912547528516
2019,1,28,S003,272.25,17.16,5,0,6.303030303030304
2019,1,28,S004,126.66999999999999,0.0,2,0,0.0
2019,1,28,S005,204.78,0.0,3,0,0.0
2019,1,28,S007,284.47,0.0,3,0,0.0
2019,1,28,S008,161.96,5.96,3,0,3.6799209681402814
2019,1,28,S009,374.41999999999996,0.0,5,0,0.0
2019,1,28,S010,359.02,0.0,5,0,0.0
2019,1,28,S011,117.42,61.03,2,0,51.97581331970703
2019,1,28,S012,844.7,11.14,9,0,1.3188114123357404
2019,1,28,S013,489.05,19.39,7,0,3.9648297720069525
2019,1,28,S014,70.39,0.0,2,0,0.0
2019,1,28,S015,86.37,0.0,1,0,0.0
2019,1,28,S016,167.95,0.0,2,0,0.0
2019,1,28,S017,502.84,0.0,11,1,0.0
2019,1,28,S018,152.92000000000002,8.64,2,0,5.650013078733979
2019,1,28,S020,75.97,0.0,2,0,0.0
2019,1,28,S021,205.45999999999998,45.35,3,1,22.072422856030375
2019,1,28,S022,327.82,0.0,5,1,0.0
2019,1,28,S023,141.56,72.09,6,0,50.92540265611755
2019,1,28,S024,47.78,26.68,1,0,55.83926329007953
2019,1,28,S025,402.26,0.0,5,0,0.0
2019,1,29,L001_WEB,2700.7799999999997,24.31,39,1,0.9001103384948053
2019,1,29,S001,196.57999999999998,0.0,3,0,0.0
2019,1,29,S002,210.01,74.87,3,0,35.65068330079521
2019,1,29,S003,60.32,4.0,2,0,6.631299734748011
2019,1,29,S005,717.2,0.0,10,0,0.0
2019,1,29,S007,238.97,0.0,3,0,0.0
2019,1,29,S009,116.53,0.0,2,0,0.0
2019,1,29,S010,604.53,14.25,10,0,2.3572031164706466
2019,1,29,S011,726.13,0.0,8,1,0.0
2019,1,29,S012,208.92000000000002,31.02,3,0,14.84778862722573
2019,1,29,S013,105.51,5.0,2,0,4.738887309259786
2019,1,29,S014,325.95,5.94,6,0,1.8223653934652555
2019,1,29,S015,612.47,0.0,9,0,0.0
2019,1,29,S016,170.53,0.0,5,1,0.0
2019,1,29,S017,25.34,0.0,1,0,0.0
2019,1,29,S018,498.46,58.2,7,0,11.675961962845566
2019,1,29,S019,397.66999999999996,6.69,4,0,1.6822993939698747
2019,1,29,S020,569.51,0.0,6,1,0.0
2019,1,29,S021,51.06,19.22,1,0,37.64198981590285
2019,1,29,S022,140.94,0.0,2,0,0.0
2019,1,29,S023,420.82,36.48,5,0,8.668789506202176
2019,1,29,S024,99.65,36.33,3,0,36.457601605619665
2019,1,29,S025,223.79000000000002,0.0,2,0,0.0
2019,1,30,L001_WEB,3748.97,101.43,60,2,2.7055431225109836
2019,1,30,S001,272.17,5.71,5,0,2.0979534849542563
2019,1,30,S002,60.28,29.4,1,0,48.772395487723955
2019,1,30,S003,301.37,0.0,3,0,0.0
2019,1,30,S004,31.36,0.0,1,0,0.0
2019,1,30,S006,219.56,87.38,5,0,39.797777372927676
2019,1,30,S007,163.66,0.0,2,0,0.0
2019,1,30,S008,206.31,0.0,3,0,0.0
2019,1,30,S009,365.51,2.27,6,0,0.6210500396705972
2019,1,30,S010,203.14,0.0,2,0,0.0
2019,1,30,S011,63.660000000000004,34.79,2,0,54.64970153942821
2019,1,30,S013,458.36,13.24,8,0,2.888559211100445
2019,1,30,S014,588.67,4.4,9,0,0.7474476361968506
2019,1,30,S015,21.43,0.0,1,0,0.0
2019,1,30,S016,204.5,0.0,2,0,0.0
2019,1,30,S018,299.78999999999996,0.0,3,0,0.0
2019,1,30,S019,113.81,5.14,2,0,4.516299094982866
2019,1,30,S020,167.78,36.74,4,0,21.89772320896412
2019,1,30,S021,59.51,0.0,2,0,0.0
2019,1,30,S022,358.24,0.0,3,0,0.0
2019,1,30,S023,28.81,0.0,1,0,0.0
2019,1,30,S024,353.72,34.36,4,0,9.713897998416826
2019,1,30,S025,785.75,0.0,7,0,0.0
2019,1,31,L001_WEB,3771.75,37.71,48,0,0.9998011533107973
2019,1,31,S002,76.06,41.04,2,0,53.95740205101236
2019,1,31,S003,68.01,0.0,1,0,0.0
2019,1,31,S004,75.32,0.0,2,1,0.0
2019,1,31,S005,28.37,0.0,1,1,0.0
2019,1,31,S007,207.6,0.0,3,0,0.0
2019,1,31,S008,79.84,9.84,1,0,12.324649298597194
2019,1,31,S010,130.54,0.0,2,0,0.0
2019,1,31,S011,419.01,0.0,5,2,0.0
2019,1,31,S012,773.46,0.0,8,0,0.0
2019,1,31,S013,26.61,1.76,1,0,6.614054866591506
2019,1,31,S014,59.61,0.0,1,0,0.0
2019,1,31,S015,560.16,0.0,8,1,0.0
2019,1,31,S016,628.77,43.120000000000005,8,0,6.857833548038235
2019,1,31,S017,127.16,0.0,2,0,0.0
2019,1,31,S018,28.37,0.0,1,0,0.0
2019,1,31,S019,282.81,0.0,3,0,0.0
2019,1,31,S020,124.99,0.0,1,0,0.0
2019,1,31,S021,446.81,0.0,4,0,0.0
2019,1,31,S022,612.5799999999999,40.24,6,0,6.568937934637109
2019,1,31,S023,148.34,12.46,2,0,8.399622488876906
2019,1,31,S024,282.65999999999997,15.97,4,0,5.649897403240643
2019,1,31,S025,98.47,0.0,1,0,0.0
